{"cameraMode":{"drawMode":0,"name":"Shaded","section":"Shading Mode"},"sceneLighting":true,"audioPlay":false,"sceneViewState":{"m_AlwaysRefresh":false,"showFog":true,"showSkybox":true,"showFlares":true,"showImageEffects":true,"showParticleSystems":true,"showVisualEffectGraphs":true,"m_FxEnabled":true},"in2DMode":false,"pivot":{"x":4.961629867553711,"y":1.8077833652496338,"z":-2.0175209045410158},"rotation":{"x":-0.37743908166885378,"y":0.29382267594337466,"z":-0.12764331698417664,"w":-0.8688670992851257},"size":13.288077354431153,"orthographic":false}