{"cameraMode":{"drawMode":0,"name":"Shaded","section":"Shading Mode"},"sceneLighting":true,"audioPlay":false,"sceneViewState":{"m_AlwaysRefresh":false,"showFog":true,"showSkybox":true,"showFlares":true,"showImageEffects":true,"showParticleSystems":true,"showVisualEffectGraphs":true,"m_FxEnabled":true},"in2DMode":false,"pivot":{"x":-1.9152848720550538,"y":-0.7625308036804199,"z":0.35619211196899416},"rotation":{"x":-0.2796199321746826,"y":0.21875883638858796,"z":-0.06559378653764725,"w":-0.9325644969940186},"size":2.3099887371063234,"orthographic":false}